,1,2,3,4,5,6,7,8,9,10,11,12,13,14,15,16,17,18,19,20,21,22,23,24
A,RNA_136,RNA_136,RNA_136,RNA_137,RNA_137,RNA_137,RNA_138,RNA_138,RNA_138,RNA_139,RNA_139,RNA_139,RNA_140,RNA_140,RNA_140,RNA_141,RNA_141,RNA_141,NA,NA,NA,NA,NA,NA
B,RNA_136,RNA_136,RNA_136,RNA_137,RNA_137,RNA_137,RNA_138,RNA_138,RNA_138,RNA_139,RNA_139,RNA_139,RNA_140,RNA_140,RNA_140,RNA_141,RNA_141,RNA_141,NA,NA,NA,NA,NA,NA
C,RNA_136,RNA_136,RNA_136,RNA_137,RNA_137,RNA_137,RNA_138,RNA_138,RNA_138,RNA_139,RNA_139,RNA_139,RNA_140,RNA_140,RNA_140,RNA_141,RNA_141,RNA_141,NA,NA,NA,NA,NA,NA
D,RNA_136,RNA_136,RNA_136,RNA_137,RNA_137,RNA_137,RNA_138,RNA_138,RNA_138,RNA_139,RNA_139,RNA_139,RNA_140,RNA_140,RNA_140,RNA_141,RNA_141,RNA_141,NA,NA,NA,NA,NA,NA
E,RNA_136,RNA_136,RNA_136,RNA_137,RNA_137,RNA_137,RNA_138,RNA_138,RNA_138,RNA_139,RNA_139,RNA_139,RNA_140,RNA_140,RNA_140,RNA_141,RNA_141,RNA_141,NA,NA,NA,NA,NA,NA
F,RNA_136,RNA_136,RNA_136,RNA_137,RNA_137,RNA_137,RNA_138,RNA_138,RNA_138,RNA_139,RNA_139,RNA_139,RNA_140,RNA_140,RNA_140,RNA_141,RNA_141,RNA_141,NA,NA,NA,NA,NA,NA
G,RNA_136,RNA_136,RNA_136,RNA_137,RNA_137,RNA_137,RNA_138,RNA_138,RNA_138,RNA_139,RNA_139,RNA_139,RNA_140,RNA_140,RNA_140,RNA_141,RNA_141,RNA_141,NA,NA,NA,NA,NA,NA
H,RNA_136,RNA_136,RNA_136,RNA_137,RNA_137,RNA_137,RNA_138,RNA_138,RNA_138,RNA_139,RNA_139,RNA_139,RNA_140,RNA_140,RNA_140,RNA_141,RNA_141,RNA_141,NA,NA,NA,NA,NA,NA
I,RNA_136,RNA_136,RNA_136,RNA_137,RNA_137,RNA_137,RNA_138,RNA_138,RNA_138,RNA_139,RNA_139,RNA_139,RNA_140,RNA_140,RNA_140,RNA_141,RNA_141,RNA_141,NA,NA,NA,NA,NA,NA
J,RNA_136,RNA_136,RNA_136,RNA_137,RNA_137,RNA_137,RNA_138,RNA_138,RNA_138,RNA_139,RNA_139,RNA_139,RNA_140,RNA_140,RNA_140,RNA_141,RNA_141,RNA_141,NA,NA,NA,NA,NA,NA
K,RNA_136,RNA_136,RNA_136,RNA_137,RNA_137,RNA_137,RNA_138,RNA_138,RNA_138,RNA_139,RNA_139,RNA_139,RNA_140,RNA_140,RNA_140,RNA_141,RNA_141,RNA_141,NA,NA,NA,NA,NA,NA
L,RNA_136,RNA_136,RNA_136,RNA_137,RNA_137,RNA_137,RNA_138,RNA_138,RNA_138,RNA_139,RNA_139,RNA_139,RNA_140,RNA_140,RNA_140,RNA_141,RNA_141,RNA_141,NA,NA,NA,NA,NA,NA
M,RNA_136,RNA_136,RNA_136,RNA_137,RNA_137,RNA_137,RNA_138,RNA_138,RNA_138,RNA_139,RNA_139,RNA_139,RNA_140,RNA_140,RNA_140,RNA_141,RNA_141,RNA_141,NA,NA,NA,NA,NA,NA
N,RNA_136,RNA_136,RNA_136,RNA_137,RNA_137,RNA_137,RNA_138,RNA_138,RNA_138,RNA_139,RNA_139,RNA_139,RNA_140,RNA_140,RNA_140,RNA_141,RNA_141,RNA_141,NA,NA,NA,NA,NA,NA
O,RNA_136,RNA_136,RNA_136,RNA_137,RNA_137,RNA_137,RNA_138,RNA_138,RNA_138,RNA_139,RNA_139,RNA_139,RNA_140,RNA_140,RNA_140,RNA_141,RNA_141,RNA_141,NA,NA,NA,NA,NA,NA
P,RNA_136,RNA_136,RNA_136,RNA_137,RNA_137,RNA_137,RNA_138,RNA_138,RNA_138,RNA_139,RNA_139,RNA_139,RNA_140,RNA_140,RNA_140,RNA_141,RNA_141,RNA_141,NA,NA,NA,NA,NA,NA